{"stats":{"minecraft:killed_by":{"minecraft:skeleton":1,"autizmzrake:rake":1},"minecraft:custom":{"minecraft:open_chest":1,"minecraft:time_since_rest":92,"minecraft:deaths":2,"minecraft:sprint_one_cm":8378,"minecraft:crouch_one_cm":163,"minecraft:play_time":8600,"minecraft:damage_taken":1182,"minecraft:walk_one_cm":39162,"minecraft:sneak_time":42,"minecraft:drop":1,"minecraft:jump":38,"minecraft:damage_dealt":17,"minecraft:leave_game":1,"minecraft:time_since_death":54,"minecraft:total_world_time":8600,"minecraft:fall_one_cm":687,"minecraft:fly_one_cm":2366},"minecraft:picked_up":{"minecraft:pink_petals":5,"remushoku:spell_book":1,"travelersbackpack:standard":1,"iceandfire:armor_silver_metal_boots":1,"minecraft:stone_sword":1,"cobblemon:dome_fossil":1,"minecraft:stone_axe":1,"cobblemon:poke_ball":32,"minecraft:torch":16,"iceandfire:armor_silver_metal_helmet":1,"cobblemon:helix_fossil":1,"iceandfire:armor_silver_metal_leggings":1,"minecraft:stone_pickaxe":1,"minecraft:bread":16,"iceandfire:armor_silver_metal_chestplate":1,"minecraft:chest":1},"minecraft:dropped":{"gravestone:obituary":1},"minecraft:used":{"minecraft:bread":1}},"DataVersion":3465}