{"stats":{"minecraft:killed":{"minecraft:sheep":4,"minecraft:skeleton":1,"minecraft:zombie":1},"minecraft:custom":{"minecraft:time_since_rest":664,"minecraft:interact_with_furnace":19,"minecraft:sprint_one_cm":111203,"minecraft:damage_taken":527,"minecraft:walk_one_cm":349022,"minecraft:mob_kills":6,"minecraft:interact_with_anvil":2,"minecraft:drop":1,"minecraft:damage_dealt":756,"minecraft:swim_one_cm":5094,"minecraft:interact_with_crafting_table":16,"minecraft:tune_noteblock":1,"minecraft:fly_one_cm":132846,"minecraft:fill_cauldron":2,"minecraft:open_chest":31,"minecraft:crouch_one_cm":595,"minecraft:play_time":60090,"minecraft:deaths":1,"minecraft:sneak_time":703,"minecraft:walk_under_water_one_cm":3869,"minecraft:jump":117,"minecraft:leave_game":2,"minecraft:walk_on_water_one_cm":2658,"minecraft:time_since_death":14879,"minecraft:sleep_in_bed":6,"minecraft:total_world_time":60090,"minecraft:climb_one_cm":12543,"minecraft:use_cauldron":1,"minecraft:fall_one_cm":11806},"minecraft:mined":{"gravestone:gravestone":1,"minecraft:grass":5,"minecraft:rose_bush":2,"minecraft:cyan_carpet":7,"minecraft:sand":36,"minecraft:sugar_cane":4},"minecraft:used":{"minecraft:cooked_mutton":1,"minecraft:iron_shovel":36,"minecraft:iron_axe":2,"minecraft:bread":4,"minecraft:cyan_carpet":26,"minecraft:iron_pickaxe":10,"minecraft:iron_boots":1,"minecraft:cauldron":1,"survive:purified_water_bucket":6,"minecraft:bucket":6},"minecraft:picked_up":{"minecraft:stick":17,"memory_of_the_past:lesser_drop_of_knowledge":4,"minecraft:sand":37,"minecraft:oak_log":16,"survive:animal_fat":1,"memory_of_the_past:better_drop_of_knowledge":2,"minecraft:arrow":1,"minecraft:bone":1,"minecraft:cyan_carpet":26,"minecraft:rotten_flesh":2,"minecraft:wheat_seeds":1,"minecraft:rose_bush":2,"dynamictrees:oak_seed":10,"minecraft:sugar_cane":12,"minecraft:mutton":4,"minecraft:white_wool":4},"minecraft:dropped":{"gravestone:obituary":1},"minecraft:crafted":{"survive:purified_water_bucket":1,"minecraft:glass":20,"minecraft:oak_planks":4,"rpgsmw:steel_rifle":1,"minecraft:cauldron":1,"minecraft:iron_boots":1,"minecraft:iron_chestplate":1,"minecraft:iron_axe":1,"rpgsmw:steel":3,"minecraft:iron_sword":1,"minecraft:iron_shovel":1,"minecraft:iron_leggings":1,"minecraft:bucket":1,"minecraft:cooked_mutton":4}},"DataVersion":3465}