{"stats":{"minecraft:custom":{"minecraft:jump":53,"minecraft:time_since_rest":8908,"minecraft:damage_taken":50,"minecraft:crouch_one_cm":743,"minecraft:leave_game":2,"minecraft:play_time":8908,"minecraft:sprint_one_cm":15996,"minecraft:time_since_death":8908,"minecraft:walk_on_water_one_cm":507,"minecraft:walk_one_cm":15518,"minecraft:sneak_time":96,"minecraft:total_world_time":8908,"minecraft:walk_under_water_one_cm":147,"minecraft:fall_one_cm":1221,"minecraft:fly_one_cm":11069},"minecraft:mined":{"minecraft:ice":1,"minecraft:packed_ice":2}},"DataVersion":3465}