{"stats":{"minecraft:picked_up":{"minecraft:rotten_flesh":2,"minecraft:dirt":2,"minecraft:wheat_seeds":2},"minecraft:custom":{"minecraft:jump":117,"minecraft:time_since_rest":5969,"minecraft:damage_dealt":310,"minecraft:deaths":2,"minecraft:sprint_one_cm":9201,"minecraft:play_time":20134,"minecraft:damage_taken":690,"minecraft:time_since_death":5776,"minecraft:walk_one_cm":37099,"minecraft:total_world_time":20134,"minecraft:mob_kills":2,"minecraft:fall_one_cm":896,"minecraft:fly_one_cm":4637,"minecraft:damage_dealt_resisted":0},"minecraft:killed":{"born_in_chaos_v1:corpse_fly":1,"minecraft:zombie":1},"minecraft:mined":{"minecraft:grass":2,"minecraft:tall_grass":2,"gravestone:gravestone":1},"minecraft:killed_by":{"born_in_chaos_v1:corpse_fly":2},"minecraft:used":{"minecraft:rotten_flesh":1}},"DataVersion":3465}