{"stats":{"minecraft:killed":{"minecraft:sheep":4,"minecraft:skeleton":1,"minecraft:zombie":1},"minecraft:custom":{"minecraft:time_since_rest":2959,"minecraft:interact_with_furnace":13,"minecraft:sprint_one_cm":81129,"minecraft:damage_taken":527,"minecraft:walk_one_cm":281104,"minecraft:mob_kills":6,"minecraft:interact_with_anvil":2,"minecraft:drop":1,"minecraft:damage_dealt":756,"minecraft:swim_one_cm":5094,"minecraft:interact_with_crafting_table":11,"minecraft:tune_noteblock":1,"minecraft:fly_one_cm":86720,"minecraft:open_chest":27,"minecraft:crouch_one_cm":595,"minecraft:play_time":48090,"minecraft:deaths":1,"minecraft:sneak_time":703,"minecraft:walk_under_water_one_cm":2513,"minecraft:jump":93,"minecraft:leave_game":2,"minecraft:walk_on_water_one_cm":1552,"minecraft:time_since_death":2879,"minecraft:sleep_in_bed":4,"minecraft:total_world_time":48090,"minecraft:climb_one_cm":6910,"minecraft:fall_one_cm":6684},"minecraft:mined":{"gravestone:gravestone":1,"minecraft:grass":5,"minecraft:rose_bush":2,"minecraft:cyan_carpet":3,"minecraft:sand":36,"minecraft:sugar_cane":4},"minecraft:used":{"minecraft:cooked_mutton":1,"minecraft:iron_shovel":36,"minecraft:bread":4,"minecraft:cyan_carpet":18,"minecraft:iron_pickaxe":10,"minecraft:iron_boots":1,"survive:purified_water_bucket":4,"minecraft:bucket":5},"minecraft:picked_up":{"memory_of_the_past:lesser_drop_of_knowledge":4,"minecraft:sand":37,"survive:animal_fat":1,"memory_of_the_past:better_drop_of_knowledge":2,"minecraft:arrow":1,"minecraft:bone":1,"minecraft:cyan_carpet":22,"minecraft:rotten_flesh":2,"minecraft:wheat_seeds":1,"minecraft:rose_bush":2,"minecraft:sugar_cane":12,"minecraft:mutton":4,"minecraft:white_wool":4},"minecraft:dropped":{"gravestone:obituary":1},"minecraft:crafted":{"survive:purified_water_bucket":1,"minecraft:glass":15,"minecraft:iron_boots":1,"minecraft:iron_chestplate":1,"minecraft:iron_sword":1,"minecraft:iron_shovel":1,"minecraft:iron_leggings":1,"minecraft:bucket":1,"minecraft:cooked_mutton":4}},"DataVersion":3465}