{"stats":{"minecraft:custom":{"minecraft:jump":39,"minecraft:time_since_rest":2856,"minecraft:leave_game":1,"minecraft:crouch_one_cm":743,"minecraft:damage_taken":40,"minecraft:sprint_one_cm":13293,"minecraft:play_time":2856,"minecraft:walk_on_water_one_cm":507,"minecraft:time_since_death":2856,"minecraft:walk_one_cm":6947,"minecraft:sneak_time":96,"minecraft:total_world_time":2856,"minecraft:walk_under_water_one_cm":147,"minecraft:fall_one_cm":886,"minecraft:fly_one_cm":10867},"minecraft:mined":{"minecraft:ice":1}},"DataVersion":3465}