{"stats":{"minecraft:killed":{"minecraft:sheep":4},"minecraft:custom":{"minecraft:open_chest":6,"minecraft:time_since_rest":0,"minecraft:crouch_one_cm":191,"minecraft:interact_with_furnace":2,"minecraft:sprint_one_cm":29244,"minecraft:play_time":24090,"minecraft:damage_taken":195,"minecraft:walk_one_cm":92578,"minecraft:sneak_time":15,"minecraft:walk_under_water_one_cm":2001,"minecraft:mob_kills":4,"minecraft:jump":40,"minecraft:damage_dealt":320,"minecraft:leave_game":2,"minecraft:time_since_death":24090,"minecraft:walk_on_water_one_cm":1057,"minecraft:sleep_in_bed":2,"minecraft:climb_one_cm":6850,"minecraft:total_world_time":24090,"minecraft:tune_noteblock":1,"minecraft:swim_one_cm":2483,"minecraft:interact_with_crafting_table":1,"minecraft:fall_one_cm":4808,"minecraft:fly_one_cm":59255},"minecraft:mined":{"minecraft:grass":5,"minecraft:sugar_cane":4},"minecraft:picked_up":{"memory_of_the_past:better_drop_of_knowledge":1,"memory_of_the_past:lesser_drop_of_knowledge":3,"survive:animal_fat":1,"minecraft:sugar_cane":12,"minecraft:mutton":4,"minecraft:white_wool":4}},"DataVersion":3465}