{"stats":{"minecraft:picked_up":{"minecraft:rotten_flesh":2,"cobblemon:black_apricorn":1,"minecraft:wheat_seeds":4,"minecraft:dirt":2},"minecraft:custom":{"minecraft:time_since_rest":1806,"minecraft:play_time":32134,"minecraft:sprint_one_cm":12561,"minecraft:walk_one_cm":93240,"minecraft:damage_taken":805,"minecraft:deaths":3,"minecraft:sneak_time":12,"minecraft:walk_under_water_one_cm":406,"minecraft:mob_kills":2,"minecraft:damage_dealt_resisted":0,"minecraft:jump":230,"minecraft:damage_dealt":753,"minecraft:walk_on_water_one_cm":1359,"minecraft:time_since_death":1760,"minecraft:total_world_time":32134,"minecraft:swim_one_cm":11928,"minecraft:fall_one_cm":1414,"minecraft:fly_one_cm":5963},"minecraft:killed":{"minecraft:zombie":1,"born_in_chaos_v1:corpse_fly":1},"minecraft:mined":{"gravestone:gravestone":1,"minecraft:grass":5,"minecraft:tall_grass":6},"minecraft:killed_by":{"minecraft:skeleton":1,"born_in_chaos_v1:corpse_fly":2},"minecraft:used":{"minecraft:rotten_flesh":1}},"DataVersion":3465}