{"stats":{"minecraft:killed":{"minecraft:skeleton":1,"minecraft:zombie":1,"minecraft:sheep":1},"minecraft:custom":{"minecraft:open_chest":4,"minecraft:time_since_rest":1634,"minecraft:crouch_one_cm":4281,"minecraft:play_time":51672,"minecraft:sprint_one_cm":122315,"minecraft:walk_one_cm":80601,"minecraft:sneak_time":810,"minecraft:mob_kills":3,"minecraft:jump":168,"minecraft:damage_dealt":546,"minecraft:walk_on_water_one_cm":158,"minecraft:time_since_death":51672,"minecraft:sleep_in_bed":2,"minecraft:total_world_time":51672,"minecraft:fall_one_cm":21293,"minecraft:fly_one_cm":216765},"minecraft:used":{"minecraft:iron_helmet":1,"minecraft:leather_chestplate":1},"minecraft:mined":{"minecraft:grass":1,"minecraft:sand":16},"minecraft:picked_up":{"memory_of_the_past:lesser_drop_of_knowledge":1,"memory_of_the_past:better_drop_of_knowledge":2,"minecraft:stick":1,"minecraft:arrow":2,"minecraft:bone":2,"minecraft:sand":15,"minecraft:mutton":2,"minecraft:white_wool":1}},"DataVersion":3465}