{"stats":{"minecraft:killed":{"minecraft:sheep":2,"minecraft:skeleton":1,"minecraft:zombie":1},"minecraft:custom":{"minecraft:time_since_rest":7333,"minecraft:sprint_one_cm":152489,"minecraft:damage_taken":96,"minecraft:walk_one_cm":94639,"minecraft:mob_kills":4,"minecraft:damage_dealt":634,"minecraft:interact_with_crafting_table":6,"minecraft:fly_one_cm":247309,"minecraft:open_chest":4,"minecraft:crouch_one_cm":4422,"minecraft:play_time":57371,"minecraft:sneak_time":853,"minecraft:jump":202,"minecraft:leave_game":1,"minecraft:walk_on_water_one_cm":158,"minecraft:time_since_death":57371,"minecraft:sleep_in_bed":2,"minecraft:total_world_time":57371,"minecraft:fall_one_cm":25257},"minecraft:mined":{"minecraft:crafting_table":1,"minecraft:grass":1,"minecraft:sand":16,"minecraft:stone":9},"minecraft:used":{"minecraft:wooden_axe":4,"minecraft:leather_chestplate":1,"minecraft:iron_helmet":1,"minecraft:wooden_pickaxe":9,"minecraft:crafting_table":2},"minecraft:picked_up":{"minecraft:birch_log":7,"minecraft:crafting_table":1,"memory_of_the_past:lesser_drop_of_knowledge":2,"minecraft:stick":34,"minecraft:sand":15,"minecraft:oak_log":6,"memory_of_the_past:better_drop_of_knowledge":2,"minecraft:arrow":2,"minecraft:bone":2,"dynamictrees:birch_seed":3,"dynamictrees:oak_seed":4,"minecraft:mutton":3,"minecraft:white_wool":2,"minecraft:cobblestone":9,"minecraft:egg":1},"minecraft:crafted":{"minecraft:oak_planks":24,"minecraft:crafting_table":1,"minecraft:wooden_pickaxe":1,"minecraft:wooden_axe":1,"epicfight:stone_greatsword":1}},"DataVersion":3465}