{"stats":{"minecraft:mined":{"gravestone:gravestone":1,"minecraft:pink_petals":3,"minecraft:grass":1,"minecraft:grass_block":8,"minecraft:dirt":1,"minecraft:fire":1,"minecraft:tall_grass":2},"minecraft:killed_by":{"minecraft:zombie":1},"minecraft:used":{"minecraft:dirt":9,"minecraft:cobblestone":23,"minecraft:grass_block":38,"minecraft:bread":2,"minecraft:cobblestone_wall":16,"minecraft:oak_sign":1},"minecraft:picked_up":{"minecraft:pink_petals":19,"remushoku:spell_book":1,"minecraft:rotten_flesh":1,"remushoku:elementary_stone":1,"minecraft:dirt":9,"minecraft:lantern":1},"minecraft:killed":{"minecraft:zombie":1,"born_in_chaos_v1:maggot":2},"minecraft:custom":{"minecraft:time_since_rest":11205,"minecraft:play_time":21698,"minecraft:crouch_one_cm":3118,"minecraft:sprint_one_cm":10326,"minecraft:damage_taken":354,"minecraft:deaths":4,"minecraft:walk_one_cm":59921,"minecraft:sneak_time":737,"minecraft:mob_kills":3,"minecraft:damage_dealt_resisted":0,"minecraft:jump":95,"minecraft:damage_dealt":173,"minecraft:leave_game":9,"minecraft:time_since_death":9335,"minecraft:walk_on_water_one_cm":312,"minecraft:total_world_time":21698,"minecraft:fall_one_cm":1963,"minecraft:fly_one_cm":21147,"minecraft:open_chest":3}},"DataVersion":3465}