{"stats":{"minecraft:mined":{"minecraft:pink_petals":3,"minecraft:grass":1,"minecraft:grass_block":8,"minecraft:dirt":1,"minecraft:fire":1,"minecraft:tall_grass":2,"gravestone:gravestone":1},"minecraft:killed_by":{"minecraft:zombie":1},"minecraft:used":{"minecraft:dirt":9,"minecraft:cobblestone":23,"minecraft:grass_block":38,"minecraft:bread":2,"minecraft:cobblestone_wall":16,"minecraft:oak_sign":1},"minecraft:picked_up":{"remushoku:elementary_stone":1,"minecraft:pink_petals":19,"remushoku:spell_book":1,"minecraft:rotten_flesh":1,"minecraft:dirt":9,"minecraft:lantern":1},"minecraft:killed":{"minecraft:zombie":1,"born_in_chaos_v1:maggot":2},"minecraft:custom":{"minecraft:time_since_rest":1439,"minecraft:play_time":32157,"minecraft:crouch_one_cm":3118,"minecraft:sprint_one_cm":10573,"minecraft:damage_taken":534,"minecraft:walk_one_cm":71536,"minecraft:deaths":5,"minecraft:sneak_time":1336,"minecraft:mob_kills":3,"minecraft:jump":118,"minecraft:damage_dealt_resisted":0,"minecraft:damage_dealt":173,"minecraft:leave_game":9,"minecraft:time_since_death":1412,"minecraft:walk_on_water_one_cm":312,"minecraft:total_world_time":32157,"minecraft:open_chest":3,"minecraft:fly_one_cm":201066,"minecraft:fall_one_cm":4324}},"DataVersion":3465}