{"stats":{"minecraft:dropped":{"bossominium:the_bossdexium":1},"minecraft:picked_up":{"minecraft:coarse_dirt":9,"minecraft:wheat_seeds":2,"bossominium:the_bossdexium":1,"minecraft:dirt":21},"minecraft:custom":{"minecraft:time_since_rest":5565,"minecraft:crouch_one_cm":119,"minecraft:sprint_one_cm":6324,"minecraft:play_time":11926,"minecraft:walk_one_cm":40366,"minecraft:damage_taken":300,"minecraft:deaths":1,"minecraft:sneak_time":29,"minecraft:drop":1,"minecraft:jump":149,"minecraft:damage_dealt":15,"minecraft:leave_game":3,"minecraft:time_since_death":5526,"minecraft:total_world_time":11926,"minecraft:fall_one_cm":2357,"minecraft:fly_one_cm":13751},"minecraft:mined":{"gravestone:gravestone":1,"minecraft:grass":4},"minecraft:killed_by":{"minecraft:creeper":1},"minecraft:used":{"minecraft:dirt":12,"minecraft:coarse_dirt":9}},"DataVersion":3465}