{"stats":{"minecraft:dropped":{"minecraft:wheat_seeds":1,"bossominium:the_bossdexium":1},"minecraft:picked_up":{"minecraft:coarse_dirt":11,"minecraft:feather":1,"minecraft:chicken":1,"minecraft:wheat_seeds":9,"bossominium:the_bossdexium":1,"minecraft:dirt":23},"minecraft:custom":{"minecraft:time_since_rest":8144,"minecraft:crouch_one_cm":738,"minecraft:sprint_one_cm":27076,"minecraft:play_time":26321,"minecraft:walk_one_cm":86474,"minecraft:damage_taken":983,"minecraft:deaths":3,"minecraft:sneak_time":256,"minecraft:mob_kills":5,"minecraft:drop":2,"minecraft:damage_dealt_resisted":0,"minecraft:jump":388,"minecraft:damage_dealt":521,"minecraft:leave_game":4,"minecraft:time_since_death":8121,"minecraft:total_world_time":26321,"minecraft:fall_one_cm":5933,"minecraft:fly_one_cm":42548},"minecraft:killed":{"minecraft:zombie":2,"cobblemon:pokemon":2,"born_in_chaos_v1:corpse_fly":1},"minecraft:mined":{"gravestone:gravestone":4,"minecraft:grass":35,"minecraft:dirt":4,"minecraft:tall_grass":10},"minecraft:killed_by":{"minecraft:skeleton":1,"minecraft:creeper":2},"minecraft:used":{"minecraft:dirt":22,"minecraft:chicken":1,"minecraft:coarse_dirt":11}},"DataVersion":3465}