{"stats":{"minecraft:mined":{"minecraft:pink_petals":3,"minecraft:fire":1,"minecraft:cherry_log":10,"gravestone:gravestone":1,"minecraft:grass":2,"minecraft:grass_block":8,"minecraft:dirt":1,"minecraft:tall_grass":2},"minecraft:killed_by":{"minecraft:zombie":1},"minecraft:used":{"minecraft:stone_sword":10,"minecraft:grass_block":49,"minecraft:bread":2,"minecraft:oak_sign":1,"minecraft:chest":10,"realmrpg_skeletons:mushroomer_skeleton":1,"minecraft:cherry_leaves":29,"minecraft:diamond_axe":12,"realmrpg_skeletons:winter_skeleton":1,"minecraft:crimson_sign":1,"cobblemon:pc":1,"minecraft:dirt":9,"minecraft:cobblestone":29,"cobblemon:relic_coin_pouch":4,"realmrpg_skeletons:lucky_skeleton":1,"realmrpg_skeletons:unsaved_skeleton":2,"minecraft:cobblestone_wall":16,"realmrpg_skeletons:bow_skeleton":1,"minecraft:oak_hanging_sign":1,"cobblemon:healing_machine":1,"minecraft:milk_bucket":3},"minecraft:picked_up":{"minecraft:pink_petals":21,"minecraft:stick":2,"remushoku:spell_book":1,"minecraft:cherry_log":9,"minecraft:dirt":9,"minecraft:lantern":1,"remushoku:elementary_stone":1,"minecraft:bone":1,"minecraft:rotten_flesh":1,"cobblemon:poke_ball":64,"minecraft:wheat_seeds":1,"minecraft:cherry_sapling":5},"minecraft:killed":{"minecraft:skeleton":1,"fight_or_die:springer":2,"minecraft:zombie":1,"born_in_chaos_v1:maggot":2},"minecraft:custom":{"minecraft:time_since_rest":25439,"minecraft:sprint_one_cm":13059,"minecraft:damage_taken":534,"minecraft:walk_one_cm":121507,"minecraft:mob_kills":6,"minecraft:damage_dealt":665,"minecraft:fly_one_cm":235309,"minecraft:open_chest":57,"minecraft:crouch_one_cm":3509,"minecraft:play_time":56157,"minecraft:deaths":5,"minecraft:sneak_time":1760,"minecraft:damage_dealt_resisted":0,"minecraft:jump":158,"minecraft:leave_game":9,"minecraft:walk_on_water_one_cm":312,"minecraft:time_since_death":25412,"minecraft:total_world_time":56157,"minecraft:fall_one_cm":4593}},"DataVersion":3465}