{"stats":{"minecraft:killed":{"minecraft:skeleton":1,"minecraft:zombie":1},"minecraft:custom":{"minecraft:jump":16,"minecraft:time_since_rest":15672,"minecraft:damage_dealt":438,"minecraft:crouch_one_cm":1745,"minecraft:sprint_one_cm":7070,"minecraft:play_time":15672,"minecraft:time_since_death":15672,"minecraft:walk_one_cm":32849,"minecraft:sneak_time":300,"minecraft:total_world_time":15672,"minecraft:mob_kills":2,"minecraft:fall_one_cm":209,"minecraft:fly_one_cm":11934},"minecraft:picked_up":{"memory_of_the_past:better_drop_of_knowledge":1,"memory_of_the_past:lesser_drop_of_knowledge":1,"minecraft:stick":1,"minecraft:bone":2,"minecraft:arrow":2}},"DataVersion":3465}