{"stats":{"minecraft:killed_by":{"minecraft:zombie":1},"minecraft:custom":{"minecraft:time_since_rest":40737,"minecraft:sprint_one_cm":18312,"minecraft:damage_taken":629,"minecraft:walk_one_cm":189848,"minecraft:mob_kills":10,"minecraft:damage_dealt":1016,"minecraft:fly_one_cm":239481,"minecraft:open_chest":66,"minecraft:crouch_one_cm":3739,"minecraft:play_time":71455,"minecraft:deaths":5,"minecraft:sneak_time":1807,"minecraft:jump":246,"minecraft:damage_dealt_resisted":0,"minecraft:leave_game":13,"minecraft:walk_on_water_one_cm":312,"minecraft:time_since_death":40710,"minecraft:total_world_time":71455,"minecraft:fall_one_cm":5431},"minecraft:picked_up":{"born_in_chaos_v1:corpse_maggot":1,"minecraft:pink_petals":21,"minecraft:stick":2,"remushoku:spell_book":1,"minecraft:cherry_log":9,"minecraft:dirt":11,"minecraft:lantern":1,"remushoku:elementary_stone":2,"minecraft:arrow":2,"minecraft:bone":4,"minecraft:rotten_flesh":1,"cobblemon:poke_ball":64,"minecraft:wheat_seeds":1,"minecraft:cherry_sapling":5,"minecraft:cobblestone":1},"minecraft:mined":{"minecraft:pink_petals":3,"minecraft:fire":1,"minecraft:cherry_log":10,"gravestone:gravestone":2,"minecraft:grass":3,"minecraft:grass_block":9,"minecraft:chest":1,"minecraft:dirt":2,"minecraft:cobblestone":1,"minecraft:tall_grass":2},"minecraft:killed":{"minecraft:skeleton":2,"fight_or_die:springer":2,"minecraft:zombie":2,"born_in_chaos_v1:maggot":4},"minecraft:used":{"graveyard:hanged_skeleton":3,"fight_or_die:blood_splash1":5,"minecraft:stone_sword":24,"minecraft:spruce_door":2,"minecraft:lantern":4,"minecraft:grass_block":49,"minecraft:bread":5,"minecraft:stone_pickaxe":1,"minecraft:oak_sign":1,"fight_or_die:blood_splash2":5,"minecraft:chest":10,"fight_or_die:hive_bloom":2,"realmrpg_skeletons:mushroomer_skeleton":1,"minecraft:cherry_leaves":29,"additional_lights:fire_pit_s_stone_bricks":2,"minecraft:diamond_axe":12,"graveyard:fire_brazier":2,"realmrpg_skeletons:winter_skeleton":1,"minecraft:crimson_sign":1,"cobblemon:pc":1,"minecraft:stone_axe":1,"minecraft:dirt":11,"minecraft:cobblestone":30,"cobblemon:relic_coin_pouch":4,"realmrpg_skeletons:lucky_skeleton":1,"realmrpg_skeletons:unsaved_skeleton":2,"minecraft:crimson_door":1,"minecraft:chain":5,"minecraft:cobblestone_wall":16,"realmrpg_skeletons:bow_skeleton":1,"iceandfire:armor_silver_metal_helmet":1,"minecraft:oak_hanging_sign":1,"minecraft:spruce_fence":1,"cobblemon:healing_machine":1,"minecraft:cobweb":5,"minecraft:milk_bucket":3}},"DataVersion":3465}