{"stats":{"minecraft:dropped":{"minecraft:wheat_seeds":1,"bossominium:the_bossdexium":1},"minecraft:picked_up":{"minecraft:birch_log":2,"born_in_chaos_v1:corpse_maggot":1,"minecraft:raw_iron":1,"minecraft:coarse_dirt":11,"minecraft:feather":1,"minecraft:chicken":1,"minecraft:spruce_sapling":1,"minecraft:spruce_log":5,"minecraft:dirt":24,"minecraft:rotten_flesh":1,"minecraft:wheat_seeds":10,"minecraft:spruce_planks":3,"bossominium:the_bossdexium":1,"minecraft:cobblestone":15},"minecraft:custom":{"minecraft:time_since_rest":840,"minecraft:interact_with_furnace":6,"minecraft:sprint_one_cm":47177,"minecraft:damage_taken":1408,"minecraft:walk_one_cm":106130,"minecraft:mob_kills":7,"minecraft:drop":2,"minecraft:damage_dealt":742,"minecraft:interact_with_crafting_table":8,"minecraft:fly_one_cm":68042,"minecraft:crouch_one_cm":854,"minecraft:play_time":35867,"minecraft:deaths":5,"minecraft:sneak_time":341,"minecraft:damage_dealt_resisted":0,"minecraft:jump":565,"minecraft:leave_game":4,"minecraft:time_since_death":817,"minecraft:total_world_time":35867,"minecraft:fall_one_cm":9559},"minecraft:killed":{"minecraft:zombie":3,"cobblemon:pokemon":2,"born_in_chaos_v1:corpse_fly":2},"minecraft:crafted":{"minecraft:charcoal":1,"minecraft:crafting_table":2,"minecraft:spruce_planks":20,"minecraft:stick":8,"minecraft:iron_ingot":1,"minecraft:wooden_pickaxe":1,"minecraft:stone_pickaxe":1,"minecraft:stone_sword":1,"minecraft:furnace":1,"minecraft:torch":4,"minecraft:birch_planks":4,"minecraft:air":0},"minecraft:mined":{"minecraft:birch_log":2,"minecraft:iron_ore":1,"minecraft:spruce_log":5,"gravestone:gravestone":6,"minecraft:grass":36,"minecraft:grass_block":1,"minecraft:dirt":6,"minecraft:tall_grass":10,"minecraft:spruce_leaves":2,"minecraft:stone":15},"minecraft:killed_by":{"born_in_chaos_v1:corpse_fly":1,"minecraft:skeleton":1,"minecraft:creeper":2,"minecraft:zombie":1},"minecraft:used":{"minecraft:stone_sword":3,"minecraft:chicken":1,"minecraft:stone_pickaxe":3,"minecraft:spruce_planks":1,"minecraft:wooden_pickaxe":15,"minecraft:dirt":22,"minecraft:crafting_table":2,"minecraft:furnace":1,"minecraft:coarse_dirt":11}},"DataVersion":3465}