{
  "minecraft:recipes/decorations/ladder": {
    "criteria": {
      "has_stick": "2024-10-10 17:48:50 +0000"
    },
    "done": true
  },
  "survive:recipes/main/light_gray_washcloth": {
    "criteria": {
      "has_white_washcloth": "2024-10-10 17:45:51 +0000"
    },
    "done": true
  },
  "survive:recipes/main/cyan_washcloth": {
    "criteria": {
      "has_white_washcloth": "2024-10-10 17:45:51 +0000"
    },
    "done": true
  },
  "farmersdelight:recipes/combat/flint_knife": {
    "criteria": {
      "has_stick": "2024-10-10 17:48:50 +0000"
    },
    "done": true
  },
  "survive:recipes/main/magenta_washcloth": {
    "criteria": {
      "has_white_washcloth": "2024-10-10 17:45:51 +0000"
    },
    "done": true
  },
  "survive:recipes/main/pink_washcloth": {
    "criteria": {
      "has_white_washcloth": "2024-10-10 17:45:51 +0000"
    },
    "done": true
  },
  "minecraft:recipes/tools/wooden_axe": {
    "criteria": {
      "has_stick": "2024-10-10 17:48:50 +0000"
    },
    "done": true
  },
  "survive:recipes/main/purple_washcloth": {
    "criteria": {
      "has_white_washcloth": "2024-10-10 17:45:51 +0000"
    },
    "done": true
  },
  "survive:recipes/main/soap_bottle": {
    "criteria": {
      "has_ingredients": "2024-10-10 17:45:51 +0000"
    },
    "done": true
  },
  "survive:recipes/main/green_washcloth": {
    "criteria": {
      "has_white_washcloth": "2024-10-10 17:45:51 +0000"
    },
    "done": true
  },
  "survive:recipes/main/lime_washcloth": {
    "criteria": {
      "has_white_washcloth": "2024-10-10 17:45:51 +0000"
    },
    "done": true
  },
  "survive:recipes/main/gray_washcloth": {
    "criteria": {
      "has_white_washcloth": "2024-10-10 17:45:51 +0000"
    },
    "done": true
  },
  "minecraft:recipes/decorations/crafting_table": {
    "criteria": {
      "unlock_right_away": "2024-10-10 17:45:52 +0000"
    },
    "done": true
  },
  "survive:recipes/main/wool_hat": {
    "criteria": {
      "has_wool": "2024-10-10 17:45:51 +0000"
    },
    "done": true
  },
  "minecraft:adventure/kill_all_mobs": {
    "criteria": {
      "minecraft:skeleton": "2024-10-10 17:56:42 +0000",
      "minecraft:zombie": "2024-10-10 17:57:27 +0000"
    },
    "done": false
  },
  "survive:recipes/main/black_washcloth": {
    "criteria": {
      "has_white_washcloth": "2024-10-10 17:45:51 +0000"
    },
    "done": true
  },
  "survive:recipes/main/white_washcloth": {
    "criteria": {
      "has_string": "2024-10-10 17:45:51 +0000"
    },
    "done": true
  },
  "minecraft:recipes/misc/bone_meal": {
    "criteria": {
      "has_bone": "2024-10-10 17:56:43 +0000"
    },
    "done": true
  },
  "survive:recipes/main/wool_pants": {
    "criteria": {
      "has_wool": "2024-10-10 17:45:51 +0000"
    },
    "done": true
  },
  "survive:recipes/main/potash_solution": {
    "criteria": {
      "has_wood_ash": "2024-10-10 17:45:51 +0000"
    },
    "done": true
  },
  "survive:recipes/main/soap_mix": {
    "criteria": {
      "has_ingredients": "2024-10-10 17:45:51 +0000"
    },
    "done": true
  },
  "travelersbackpack:recipes/misc/skeleton": {
    "criteria": {
      "has_arrow": "2024-10-10 17:56:43 +0000"
    },
    "done": true
  },
  "dungeons_arise:wda_root": {
    "criteria": {
      "WDA": "2024-10-10 17:45:52 +0000"
    },
    "done": true
  },
  "survive:recipes/main/wood_ash": {
    "criteria": {
      "has_charcoal": "2024-10-10 17:45:51 +0000"
    },
    "done": true
  },
  "survive:recipes/main/red_washcloth": {
    "criteria": {
      "has_white_washcloth": "2024-10-10 17:45:51 +0000"
    },
    "done": true
  },
  "minecraft:recipes/decorations/campfire": {
    "criteria": {
      "has_stick": "2024-10-10 17:48:50 +0000"
    },
    "done": true
  },
  "survive:recipes/main/ice": {
    "criteria": {
      "has_cubes": "2024-10-10 17:45:51 +0000"
    },
    "done": true
  },
  "minecraft:recipes/tools/wooden_hoe": {
    "criteria": {
      "has_stick": "2024-10-10 17:48:50 +0000"
    },
    "done": true
  },
  "survive:recipes/main/brown_washcloth": {
    "criteria": {
      "has_white_washcloth": "2024-10-10 17:45:51 +0000"
    },
    "done": true
  },
  "minecraft:recipes/tools/wooden_pickaxe": {
    "criteria": {
      "has_stick": "2024-10-10 17:48:50 +0000"
    },
    "done": true
  },
  "farmersdelight:main/root": {
    "criteria": {
      "seeds": "2024-10-10 17:45:51 +0000"
    },
    "done": true
  },
  "survive:recipes/main/ice_cube": {
    "criteria": {
      "has_ice": "2024-10-10 17:45:51 +0000"
    },
    "done": true
  },
  "farmersdelight:recipes/cooking/bone_broth": {
    "criteria": {
      "has_bone": "2024-10-10 17:56:43 +0000"
    },
    "done": true
  },
  "travelersbackpack:recipes/misc/wolf": {
    "criteria": {
      "has_bone": "2024-10-10 17:56:43 +0000"
    },
    "done": true
  },
  "survive:recipes/main/light_blue_washcloth": {
    "criteria": {
      "has_white_washcloth": "2024-10-10 17:45:51 +0000"
    },
    "done": true
  },
  "survive:recipes/main/yellow_washcloth": {
    "criteria": {
      "has_white_washcloth": "2024-10-10 17:45:51 +0000"
    },
    "done": true
  },
  "minecraft:recipes/tools/wooden_shovel": {
    "criteria": {
      "has_stick": "2024-10-10 17:48:50 +0000"
    },
    "done": true
  },
  "rpgsmw:choose_your_class": {
    "criteria": {
      "choose_your_class_0": "2024-10-10 17:45:51 +0000"
    },
    "done": true
  },
  "minecraft:adventure/root": {
    "criteria": {
      "killed_something": "2024-10-10 17:56:42 +0000"
    },
    "done": true
  },
  "minecraft:recipes/combat/wooden_sword": {
    "criteria": {
      "has_stick": "2024-10-10 17:48:50 +0000"
    },
    "done": true
  },
  "minecraft:adventure/kill_a_mob": {
    "criteria": {
      "minecraft:skeleton": "2024-10-10 17:56:42 +0000"
    },
    "done": true
  },
  "minecraft:adventure/adventuring_time": {
    "criteria": {
      "minecraft:plains": "2024-10-10 17:45:54 +0000"
    },
    "done": false
  },
  "ninjacraft:ninja_worlds": {
    "criteria": {
      "ninja_worlds": "2024-10-10 17:45:52 +0000"
    },
    "done": true
  },
  "survive:recipes/main/canteen": {
    "criteria": {
      "has_leather": "2024-10-10 17:45:51 +0000"
    },
    "done": true
  },
  "farmersdelight:recipes/decorations/cutting_board": {
    "criteria": {
      "has_stick": "2024-10-10 17:48:50 +0000"
    },
    "done": true
  },
  "survive:recipes/main/blue_washcloth": {
    "criteria": {
      "has_white_washcloth": "2024-10-10 17:45:51 +0000"
    },
    "done": true
  },
  "born_in_chaos_v1:bornin_chaos": {
    "criteria": {
      "bornin_chaos_0": "2024-10-10 17:45:52 +0000"
    },
    "done": true
  },
  "survive:recipes/main/orange_washcloth": {
    "criteria": {
      "has_white_washcloth": "2024-10-10 17:45:51 +0000"
    },
    "done": true
  },
  "survive:recipes/main/wool_boots": {
    "criteria": {
      "has_wool": "2024-10-10 17:45:51 +0000"
    },
    "done": true
  },
  "survive:recipes/main/wool_jacket": {
    "criteria": {
      "has_wool": "2024-10-10 17:45:51 +0000"
    },
    "done": true
  },
  "DataVersion": 3465
}