{
  "minecraft:recipes/decorations/crafting_table": {
    "criteria": {
      "unlock_right_away": "2024-06-21 00:41:45 +0000"
    },
    "done": true
  },
  "minecraft:adventure/adventuring_time": {
    "criteria": {
      "minecraft:beach": "2024-06-21 01:11:13 +0000",
      "minecraft:river": "2024-06-21 01:11:45 +0000",
      "minecraft:swamp": "2024-06-21 00:41:46 +0000",
      "minecraft:plains": "2024-06-21 01:11:08 +0000"
    },
    "done": false
  },
  "born_in_chaos_v1:bornin_chaos": {
    "criteria": {
      "bornin_chaos_0": "2024-06-21 01:10:56 +0000"
    },
    "done": true
  },
  "DataVersion": 3465
}