{
  "minecraft:recipes/decorations/crafting_table": {
    "criteria": {
      "unlock_right_away": "2024-08-31 18:35:18 +0200"
    },
    "done": true
  },
  "bossominium:loot_bosses_a": {
    "criteria": {
      "loot_bosses_a": "2024-08-31 18:35:18 +0200"
    },
    "done": true
  },
  "iceandfire:iceandfire/root": {
    "criteria": {
      "tick": "2024-08-31 18:35:18 +0200"
    },
    "done": true
  },
  "dungeons_arise:wda_root": {
    "criteria": {
      "WDA": "2024-08-31 18:35:18 +0200"
    },
    "done": true
  },
  "minecraft:adventure/adventuring_time": {
    "criteria": {
      "minecraft:snowy_slopes": "2024-08-31 18:35:54 +0200",
      "minecraft:cherry_grove": "2024-08-31 18:35:19 +0200"
    },
    "done": false
  },
  "subnautica_flow:subnautica": {
    "criteria": {
      "subnautica_0": "2024-08-31 18:35:18 +0200"
    },
    "done": true
  },
  "born_in_chaos_v1:bornin_chaos": {
    "criteria": {
      "bornin_chaos_0": "2024-08-31 18:35:18 +0200"
    },
    "done": true
  },
  "DataVersion": 3465
}